"ID_DOC_CLIENTE","ID_DOCUMENTO","CUENTA","CT_CLIE","ESTADO_CLIE","SOLUCION_PROVISORIA","LOG_DESDE","LOG_HASTA","FECHA_INICIO_CORTE","FECHA_FIN_CORTE","FECHA_FIN_EDITABLE","ORIGEN","OPERACION","USUARIO","ULTIMA_MODIFICACION"
20727,8325429,"0328328111","53528","NORMALIZADO","",43992,44399,09/02/2020 06:36:10,09/02/2020 06:35:18,,"AF","","",
20728,8325429,"0532649991","50588","NORMALIZADO","",43992,44399,09/02/2020 06:36:10,09/02/2020 06:35:18,,"AF","","",
20729,8325429,"0532649991","50588","NORMALIZADO","",43992,44399,09/02/2020 07:03:22,09/02/2020 06:36:10,,"AF","","",
20730,8325429,"1651378193","53367","NORMALIZADO","",43992,44399,09/02/2020 06:36:10,09/02/2020 06:35:18,,"AF","","",
20731,8325429,"1651378193","53367","NORMALIZADO","",43992,44399,09/02/2020 07:03:22,09/02/2020 06:36:10,,"AF","","",
20732,8325429,"2420236214","8510","NORMALIZADO","",43992,44399,09/02/2020 06:36:10,09/02/2020 06:35:18,,"AF","","",
20733,8325429,"2420236214","8510","NORMALIZADO","",43992,44399,09/02/2020 07:03:22,09/02/2020 06:36:10,,"AF","","",
20739,8325429,"2588965397","50635","NORMALIZADO","",43992,44399,09/02/2020 06:36:10,09/02/2020 06:35:18,,"AF","","",
20745,8325429,"3039609633","50945","NORMALIZADO","",43992,44399,09/02/2020 06:36:10,09/02/2020 06:35:18,,"AF","","",
20746,8325429,"3039609633","50945","NORMALIZADO","",43992,44399,09/02/2020 07:03:22,09/02/2020 06:36:10,,"AF","","",
20747,8325429,"3530734914","52511","NORMALIZADO","",43992,44399,09/02/2020 06:36:10,09/02/2020 06:35:18,,"AF","","",
20748,8325429,"3530734914","52511","NORMALIZADO","",43992,44399,09/02/2020 07:03:22,09/02/2020 06:36:10,,"AF","","",
20749,8325429,"3884185459","53897","NORMALIZADO","",43992,44399,09/02/2020 06:36:10,09/02/2020 06:35:18,,"AF","","",
20754,8325429,"4685425082","50235","NORMALIZADO","",43992,44399,09/02/2020 06:36:10,09/02/2020 06:35:18,,"AF","","",
20755,8325429,"4685425082","50235","NORMALIZADO","",43992,44399,09/02/2020 07:03:22,09/02/2020 06:36:10,,"AF","","",
20756,8325429,"4974735916","28203","NORMALIZADO","",43992,44399,09/02/2020 06:36:10,09/02/2020 06:35:18,,"AF","","",
20757,8325429,"4974735916","28203","NORMALIZADO","",43992,44399,09/02/2020 07:03:22,09/02/2020 06:36:10,,"AF","","",
20761,8325429,"6351780499","50588","NORMALIZADO","",43992,44399,09/02/2020 06:36:10,09/02/2020 06:35:18,,"AF","","",
20762,8325429,"6351780499","50588","NORMALIZADO","",43992,44399,09/02/2020 07:03:22,09/02/2020 06:36:10,,"AF","","",
20763,8325429,"6851537738","8509","NORMALIZADO","",43992,44399,09/02/2020 06:36:10,09/02/2020 06:35:18,,"AF","","",
20764,8325429,"6851537738","8509","NORMALIZADO","",43992,44399,09/02/2020 07:03:22,09/02/2020 06:36:10,,"AF","","",
20768,8325429,"7229302533","52873","NORMALIZADO","",43992,44399,09/02/2020 06:36:10,09/02/2020 06:35:18,,"AF","","",
20769,8325429,"7229302533","52873","NORMALIZADO","",43992,44399,09/02/2020 07:03:22,09/02/2020 06:36:10,,"AF","","",
20770,8325429,"7341940430","28129","NORMALIZADO","",43992,44399,09/02/2020 06:36:10,09/02/2020 06:35:18,,"AF","","",
20771,8325429,"7341940430","28129","NORMALIZADO","",43992,44399,09/02/2020 07:03:22,09/02/2020 06:36:10,,"AF","","",
20775,8325429,"8023545786","28129","NORMALIZADO","",43992,44399,09/02/2020 06:36:10,09/02/2020 06:35:18,,"AF","","",
20776,8325429,"8023545786","28129","NORMALIZADO","",43992,44399,09/02/2020 07:03:22,09/02/2020 06:36:10,,"AF","","",
20780,8325429,"8316632499","8510","NORMALIZADO","",43992,44399,09/02/2020 06:36:10,09/02/2020 06:35:18,,"AF","","",
20781,8325429,"8316632499","8510","NORMALIZADO","",43992,44399,09/02/2020 07:03:22,09/02/2020 06:36:10,,"AF","","",
20785,8325429,"8493250112","8262","NORMALIZADO","",43992,44399,09/02/2020 06:36:10,09/02/2020 06:35:18,,"AF","","",
20786,8325429,"8493250112","8262","NORMALIZADO","",43992,44399,09/02/2020 07:03:22,09/02/2020 06:36:10,,"AF","","",
20812,8325429,"0328328111","53528","NORMALIZADO","",43995,44399,09/02/2020 07:03:22,09/02/2020 06:36:10,,"AF","","",
20818,8325429,"2588965397","50635","NORMALIZADO","",43995,44399,09/02/2020 07:03:22,09/02/2020 06:36:10,,"AF","","",
20822,8325429,"3884185459","53897","NORMALIZADO","",43995,44399,09/02/2020 07:03:22,09/02/2020 06:36:10,,"AF","","",
37635,8531644,"7031132518","11153","NORMALIZADO","",86802,87036,06/06/2020 20:04:15,06/06/2020 20:04:14,,"AF","","",
37636,8531644,"8474867218","34611","NORMALIZADO","",86802,87036,06/06/2020 20:04:15,06/06/2020 20:04:14,,"AF","","",
68764,9039045,"0558447812","4764","Pendiente","",175485,175488,17/01/2021 00:11:48,17/01/2021 00:10:49,,"AF","B","Aplicacion",17/01/2021 00:30:00
68765,9039045,"0793097108","4523","Pendiente","",175485,175488,17/01/2021 00:11:48,17/01/2021 00:10:49,,"AF","B","Aplicacion",17/01/2021 00:30:00
68766,9039045,"2682183678","4337","Pendiente","",175485,175488,17/01/2021 00:11:48,17/01/2021 00:10:49,,"AF","B","Aplicacion",17/01/2021 00:30:00
68767,9039045,"2762670053","4067","Pendiente","",175485,175488,17/01/2021 00:11:48,17/01/2021 00:10:49,,"AF","B","Aplicacion",17/01/2021 00:30:00
68768,9039045,"3800054407","4523","Pendiente","",175485,175488,17/01/2021 00:11:48,17/01/2021 00:10:49,,"AF","B","Aplicacion",17/01/2021 00:30:00
68769,9039045,"3886136494","4523","Pendiente","",175485,175488,17/01/2021 00:11:48,17/01/2021 00:10:49,,"AF","B","Aplicacion",17/01/2021 00:30:00
68770,9039045,"4416518840","4067","Pendiente","",175485,175488,17/01/2021 00:11:48,17/01/2021 00:10:49,,"AF","B","Aplicacion",17/01/2021 00:30:00
68771,9039045,"4827106340","40351","Pendiente","",175485,175488,17/01/2021 00:11:48,17/01/2021 00:10:49,,"AF","B","Aplicacion",17/01/2021 00:30:00
68772,9039045,"5900864746","4113","Pendiente","",175485,175488,17/01/2021 00:11:48,17/01/2021 00:10:49,,"AF","B","Aplicacion",17/01/2021 00:30:00
68773,9039045,"6809093221","40672","Pendiente","",175485,175488,17/01/2021 00:11:48,17/01/2021 00:10:49,,"AF","B","Aplicacion",17/01/2021 00:30:00
68774,9039045,"7245577435","2247","Pendiente","",175485,175488,17/01/2021 00:11:48,17/01/2021 00:10:49,,"AF","B","Aplicacion",17/01/2021 00:30:00
68775,9039045,"7325356226","4109","Pendiente","",175485,175488,17/01/2021 00:11:48,17/01/2021 00:10:49,,"AF","B","Aplicacion",17/01/2021 00:30:00
68776,9039045,"7552903750","40572","Pendiente","",175485,175488,17/01/2021 00:11:48,17/01/2021 00:10:49,,"AF","B","Aplicacion",17/01/2021 00:30:00
68777,9039045,"7778907856","4073","Pendiente","",175485,175488,17/01/2021 00:11:48,17/01/2021 00:10:49,,"AF","B","Aplicacion",17/01/2021 00:30:00
68778,9039045,"8163690240","2243","Pendiente","",175485,175488,17/01/2021 00:11:48,17/01/2021 00:10:49,,"AF","B","Aplicacion",17/01/2021 00:30:00
68779,9039045,"8319796313","4042","Pendiente","",175485,175488,17/01/2021 00:11:48,17/01/2021 00:10:49,,"AF","B","Aplicacion",17/01/2021 00:30:00
68780,9039045,"8587945297","2719","Pendiente","",175485,175488,17/01/2021 00:11:48,17/01/2021 00:10:49,,"AF","B","Aplicacion",17/01/2021 00:30:00
68781,9039045,"8963340517","4206","Pendiente","",175485,175488,17/01/2021 00:11:48,17/01/2021 00:10:49,,"AF","B","Aplicacion",17/01/2021 00:30:00
68782,9039045,"9080892421","4068","Pendiente","",175485,175488,17/01/2021 00:11:48,17/01/2021 00:10:49,,"AF","B","Aplicacion",17/01/2021 00:30:00
68783,9039045,"9514721398","4109","Pendiente","",175485,175488,17/01/2021 00:11:48,17/01/2021 00:10:49,,"AF","B","Aplicacion",17/01/2021 00:30:00
68784,9039045,"9515017762","4190","Pendiente","",175485,175488,17/01/2021 00:11:48,17/01/2021 00:10:49,,"AF","B","Aplicacion",17/01/2021 00:30:00
70809,9079686,"0865469320","34501","Normalizado","",180702,180705,28/01/2021 07:39:34,28/01/2021 07:39:00,,"AF","B","eromero",28/01/2021 08:31:46
70810,9079686,"1061815108","34313","Normalizado","",180702,180705,28/01/2021 07:39:34,28/01/2021 07:39:00,,"AF","B","eromero",28/01/2021 08:31:46
70811,9079686,"1617626608","11794","Normalizado","",180702,180705,28/01/2021 07:39:34,28/01/2021 07:39:00,,"AF","B","eromero",28/01/2021 08:31:46
70812,9079686,"1677907595","34067","Normalizado","",180702,180705,28/01/2021 07:39:34,28/01/2021 07:39:00,,"AF","B","eromero",28/01/2021 08:31:46
70813,9079686,"3338867736","11080","Normalizado","",180702,180705,28/01/2021 07:39:34,28/01/2021 07:39:00,,"AF","B","eromero",28/01/2021 08:31:46
70814,9079686,"3623090024","16764","Normalizado","",180702,180705,28/01/2021 07:39:34,28/01/2021 07:39:00,,"AF","B","eromero",28/01/2021 08:31:46
70815,9079686,"9076154094","16819","Normalizado","",180702,180705,28/01/2021 07:39:34,28/01/2021 07:39:00,,"AF","B","eromero",28/01/2021 08:31:46
72001,9094804,"0394552139","4191","Normalizado","",183632,183875,04/02/2021 08:09:48,04/02/2021 08:05:51,,"AF","B","Aplicacion",04/02/2021 18:40:00
71929,9093751,"3054492322","34960","Normalizado","",183338,,03/02/2021 09:02:51,03/02/2021 09:02:50,03/02/2021 12:58:18,"AF","A","Aplicacion",03/02/2021 13:00:02
71931,9093751,"4300921758","34960","Normalizado","",183338,,03/02/2021 09:02:51,03/02/2021 09:02:50,03/02/2021 12:58:18,"AF","A","Aplicacion",03/02/2021 13:00:02
74039,9121004,"0865469320","34501","Normalizado","",189261,189345,19/02/2021 00:37:25,19/02/2021 00:27:26,,"AF","B","afrak",19/02/2021 07:22:22
74040,9121004,"1061815108","34313","Normalizado","",189261,189345,19/02/2021 00:37:25,19/02/2021 00:27:26,,"AF","B","afrak",19/02/2021 07:22:22
74041,9121004,"1617626608","11794","Normalizado","",189261,189345,19/02/2021 00:37:25,19/02/2021 00:27:26,,"AF","B","afrak",19/02/2021 07:22:22
74042,9121004,"1677907595","34067","Normalizado","",189261,189345,19/02/2021 00:37:25,19/02/2021 00:27:26,,"AF","B","afrak",19/02/2021 07:22:22
74043,9121004,"3338867736","11080","Normalizado","",189261,189345,19/02/2021 00:37:25,19/02/2021 00:27:26,,"AF","B","afrak",19/02/2021 07:22:22
74044,9121004,"3623090024","16764","Normalizado","",189261,189345,19/02/2021 00:37:25,19/02/2021 00:27:26,,"AF","B","afrak",19/02/2021 07:22:22
74045,9121004,"9076154094","16819","Normalizado","",189261,189345,19/02/2021 00:37:25,19/02/2021 00:27:26,,"AF","B","afrak",19/02/2021 07:22:22
101612,9594223,"3905727864","33439","Normalizado","",270839,271084,30/08/2021 16:16:15,30/08/2021 15:37:05,,"AF","B","jgoldman",31/08/2021 20:26:56
101524,9594223,"0289374406","33285","Normalizado","",270626,270839,30/08/2021 16:16:15,30/08/2021 15:37:05,,"AF","B","Aplicacion",31/08/2021 07:24:59
101525,9594223,"0965235985","33015","Normalizado","",270626,270839,30/08/2021 16:16:15,30/08/2021 15:37:05,,"AF","B","Aplicacion",31/08/2021 07:25:00
101526,9594223,"1273562009","33140","Normalizado","",270626,270839,30/08/2021 16:16:15,30/08/2021 15:37:05,,"AF","B","Aplicacion",31/08/2021 07:25:00
101527,9594223,"1434929082","33639","Normalizado","",270626,270839,30/08/2021 16:16:15,30/08/2021 15:37:05,,"AF","B","Aplicacion",31/08/2021 07:25:00
101528,9594223,"1656679105","33664","Normalizado","",270626,270839,30/08/2021 16:16:15,30/08/2021 15:37:05,,"AF","B","Aplicacion",31/08/2021 07:25:00
101529,9594223,"1866995666","33017","Normalizado","",270626,270839,30/08/2021 16:16:15,30/08/2021 15:37:05,,"AF","B","Aplicacion",31/08/2021 07:25:00
101530,9594223,"1924730738","33660","Normalizado","",270626,270839,30/08/2021 16:16:15,30/08/2021 15:37:05,,"AF","B","Aplicacion",31/08/2021 07:25:00
101531,9594223,"2011665304","33146","Normalizado","",270626,270839,30/08/2021 16:16:15,30/08/2021 15:37:05,,"AF","B","Aplicacion",31/08/2021 07:25:00
101532,9594223,"2447509090","33284","Normalizado","",270626,270839,30/08/2021 16:16:15,30/08/2021 15:37:05,,"AF","B","Aplicacion",31/08/2021 07:25:00
101533,9594223,"3207559105","33125","Normalizado","",270626,270839,30/08/2021 16:16:15,30/08/2021 15:37:05,,"AF","B","Aplicacion",31/08/2021 07:25:00
101534,9594223,"3338433866","33157","Normalizado","",270626,270839,30/08/2021 16:16:15,30/08/2021 15:37:05,,"AF","B","Aplicacion",31/08/2021 07:25:00
101535,9594223,"3362537016","33223","Normalizado","",270626,270839,30/08/2021 16:16:15,30/08/2021 15:37:05,,"AF","B","Aplicacion",31/08/2021 07:25:00
101536,9594223,"3504612264","33140","Normalizado","",270626,270839,30/08/2021 16:16:15,30/08/2021 15:37:05,,"AF","B","Aplicacion",31/08/2021 07:25:00
101537,9594223,"3573887949","33172","Normalizado","",270626,270839,30/08/2021 16:16:15,30/08/2021 15:37:05,,"AF","B","Aplicacion",31/08/2021 07:25:00
101539,9594223,"4370429546","33208","Normalizado","",270626,270839,30/08/2021 16:16:15,30/08/2021 15:37:05,,"AF","B","Aplicacion",31/08/2021 07:25:00
101541,9594223,"4693684191","33242","Normalizado","",270626,270839,30/08/2021 16:16:15,30/08/2021 15:37:05,,"AF","B","Aplicacion",31/08/2021 07:25:00
101542,9594223,"4950492765","33143","Normalizado","",270626,270839,30/08/2021 16:16:15,30/08/2021 15:37:05,,"AF","B","Aplicacion",31/08/2021 07:25:00
101543,9594223,"5170729939","33208","Normalizado","",270626,270839,30/08/2021 16:16:15,30/08/2021 15:37:05,,"AF","B","Aplicacion",31/08/2021 07:25:00
101544,9594223,"5667860145","33015","Normalizado","",270626,270839,30/08/2021 16:16:15,30/08/2021 15:37:05,,"AF","B","Aplicacion",31/08/2021 07:25:00
101545,9594223,"6673305448","33528","Normalizado","",270626,270839,30/08/2021 16:16:15,30/08/2021 15:37:05,,"AF","B","Aplicacion",31/08/2021 07:25:00
101546,9594223,"6809755239","33078","Normalizado","",270626,270839,30/08/2021 16:16:15,30/08/2021 15:37:05,,"AF","B","Aplicacion",31/08/2021 07:25:00
101547,9594223,"6825511485","33172","Normalizado","",270626,270839,30/08/2021 16:16:15,30/08/2021 15:37:05,,"AF","B","Aplicacion",31/08/2021 07:25:00
101548,9594223,"6935005056","33070","Normalizado","",270626,270839,30/08/2021 16:16:15,30/08/2021 15:37:05,,"AF","B","Aplicacion",31/08/2021 07:25:00
101549,9594223,"7459973068","33532","Normalizado","",270626,270839,30/08/2021 16:16:15,30/08/2021 15:37:05,,"AF","B","Aplicacion",31/08/2021 07:25:00
101551,9594223,"8293961793","33059","Normalizado","",270626,270839,30/08/2021 16:16:15,30/08/2021 15:37:05,,"AF","B","Aplicacion",31/08/2021 07:25:00
101552,9594223,"8330273052","33282","Normalizado","",270626,270839,30/08/2021 16:16:15,30/08/2021 15:37:05,,"AF","B","Aplicacion",31/08/2021 07:25:00
101553,9594223,"8353809666","33031","Normalizado","",270626,270839,30/08/2021 16:16:15,30/08/2021 15:37:05,,"AF","B","Aplicacion",31/08/2021 07:25:00
101554,9594223,"9146551611","33664","Normalizado","",270626,270839,30/08/2021 16:16:15,30/08/2021 15:37:05,,"AF","B","Aplicacion",31/08/2021 07:25:00
101555,9594223,"9358994978","33070","Normalizado","",270626,270839,30/08/2021 16:16:15,30/08/2021 15:37:05,,"AF","B","Aplicacion",31/08/2021 07:25:00
101556,9594223,"9855481273","33014","Normalizado","",270626,270839,30/08/2021 16:16:15,30/08/2021 15:37:05,,"AF","B","Aplicacion",31/08/2021 07:25:00
105504,9647260,"3627704422","77091","Pendiente","",282780,,23/09/2021 01:01:00,23/09/2021 01:00:44,,"AF","A","Aplicacion",29/09/2021 10:55:11
105512,9647260,"7538349885","77627","Pendiente","",282780,,23/09/2021 01:01:00,23/09/2021 01:00:44,,"AF","A","Aplicacion",29/09/2021 10:55:11
107938,9689168,"0125527029","51117","Normalizado","",291358,291380,21/10/2021 10:27:45,21/10/2021 10:27:40,,"AF","B","rsleiva",21/10/2021 11:20:19
107939,9689168,"0263855683","53968","Normalizado","",291358,291380,21/10/2021 10:27:45,21/10/2021 10:27:40,,"AF","B","rsleiva",21/10/2021 11:20:19
107940,9689168,"1369865166","50712","Normalizado","",291358,291380,21/10/2021 10:27:45,21/10/2021 10:27:40,,"AF","B","rsleiva",21/10/2021 11:20:19
107941,9689168,"1568719997","50500","Normalizado","",291358,291380,21/10/2021 10:27:45,21/10/2021 10:27:40,,"AF","B","rsleiva",21/10/2021 11:20:19
107942,9689168,"2194692834","50468","Normalizado","",291358,291380,21/10/2021 10:27:45,21/10/2021 10:27:40,,"AF","B","rsleiva",21/10/2021 11:20:19
107943,9689168,"2262335432","50938","Normalizado","",291358,291380,21/10/2021 10:27:45,21/10/2021 10:27:40,,"AF","B","rsleiva",21/10/2021 11:20:19
107944,9689168,"2655675271","53958","Normalizado","",291358,291380,21/10/2021 10:27:45,21/10/2021 10:27:40,,"AF","B","rsleiva",21/10/2021 11:20:19
107945,9689168,"2688402080","50990","Normalizado","",291358,291380,21/10/2021 10:27:45,21/10/2021 10:27:40,,"AF","B","rsleiva",21/10/2021 11:20:19
107946,9689168,"3013398348","50857","Normalizado","",291358,291380,21/10/2021 10:27:45,21/10/2021 10:27:40,,"AF","B","rsleiva",21/10/2021 11:20:19
107947,9689168,"3163411048","50127","Normalizado","",291358,291380,21/10/2021 10:27:45,21/10/2021 10:27:40,,"AF","B","rsleiva",21/10/2021 11:20:19
107948,9689168,"3412214485","50248","Normalizado","",291358,291380,21/10/2021 10:27:45,21/10/2021 10:27:40,,"AF","B","rsleiva",21/10/2021 11:20:19
107949,9689168,"3520320572","52950","Normalizado","",291358,291380,21/10/2021 10:27:45,21/10/2021 10:27:40,,"AF","B","rsleiva",21/10/2021 11:20:19
107950,9689168,"3602080212","50646","Normalizado","",291358,291380,21/10/2021 10:27:45,21/10/2021 10:27:40,,"AF","B","rsleiva",21/10/2021 11:20:19
107951,9689168,"3994320716","52690","Normalizado","",291358,291380,21/10/2021 10:27:45,21/10/2021 10:27:40,,"AF","B","rsleiva",21/10/2021 11:20:19
107952,9689168,"4129564714","50689","Normalizado","",291358,291380,21/10/2021 10:27:45,21/10/2021 10:27:40,,"AF","B","rsleiva",21/10/2021 11:20:19
107963,9689168,"6352425978","50097","Normalizado","",291358,291380,21/10/2021 10:27:45,21/10/2021 10:27:40,,"AF","B","rsleiva",21/10/2021 11:20:19
107964,9689168,"6412151738","50761","Normalizado","",291358,291380,21/10/2021 10:27:45,21/10/2021 10:27:40,,"AF","B","rsleiva",21/10/2021 11:20:19
107965,9689168,"6693810222","51583","Normalizado","",291358,291380,21/10/2021 10:27:45,21/10/2021 10:27:40,,"AF","B","rsleiva",21/10/2021 11:20:19
107966,9689168,"6712048547","52399","Normalizado","",291358,291380,21/10/2021 10:27:45,21/10/2021 10:27:40,,"AF","B","rsleiva",21/10/2021 11:20:19
107967,9689168,"6815410966","50821","Normalizado","",291358,291380,21/10/2021 10:27:45,21/10/2021 10:27:40,,"AF","B","rsleiva",21/10/2021 11:20:19
107968,9689168,"7721929529","52385","Normalizado","",291358,291380,21/10/2021 10:27:45,21/10/2021 10:27:40,,"AF","B","rsleiva",21/10/2021 11:20:19
107969,9689168,"7911576674","50113","Normalizado","",291358,291380,21/10/2021 10:27:45,21/10/2021 10:27:40,,"AF","B","rsleiva",21/10/2021 11:20:19
107970,9689168,"8161397207","50990","Normalizado","",291358,291380,21/10/2021 10:27:45,21/10/2021 10:27:40,,"AF","B","rsleiva",21/10/2021 11:20:19
107971,9689168,"8317487033","52472","Normalizado","",291358,291380,21/10/2021 10:27:45,21/10/2021 10:27:40,,"AF","B","rsleiva",21/10/2021 11:20:19
107972,9689168,"8527318789","53777","Normalizado","",291358,291380,21/10/2021 10:27:45,21/10/2021 10:27:40,,"AF","B","rsleiva",21/10/2021 11:20:19
107973,9689168,"8616100292","53769","Normalizado","",291358,291380,21/10/2021 10:27:45,21/10/2021 10:27:40,,"AF","B","rsleiva",21/10/2021 11:20:19
107974,9689168,"8678289181","50761","Normalizado","",291358,291380,21/10/2021 10:27:45,21/10/2021 10:27:40,,"AF","B","rsleiva",21/10/2021 11:20:19
107975,9689168,"8832654660","50417","Normalizado","",291358,291380,21/10/2021 10:27:45,21/10/2021 10:27:40,,"AF","B","rsleiva",21/10/2021 11:20:19
107976,9689168,"9170982066","53968","Normalizado","",291358,291380,21/10/2021 10:27:45,21/10/2021 10:27:40,,"AF","B","rsleiva",21/10/2021 11:20:19
107977,9689168,"9190890106","51037","Normalizado","",291358,291380,21/10/2021 10:27:45,21/10/2021 10:27:40,,"AF","B","rsleiva",21/10/2021 11:20:19
107979,9689168,"9329019441","51339","Normalizado","",291358,291380,21/10/2021 10:27:45,21/10/2021 10:27:40,,"AF","B","rsleiva",21/10/2021 11:20:19
107980,9689168,"9813668384","52669","Normalizado","",291358,291380,21/10/2021 10:27:45,21/10/2021 10:27:40,,"AF","B","rsleiva",21/10/2021 11:20:19
107953,9689168,"5146959602","53150","Normalizado","",291358,291380,21/10/2021 10:27:45,21/10/2021 10:27:40,,"AF","B","rsleiva",21/10/2021 11:20:19
107954,9689168,"5194792355","51008","Normalizado","",291358,291380,21/10/2021 10:27:45,21/10/2021 10:27:40,,"AF","B","rsleiva",21/10/2021 11:20:19
107955,9689168,"5472656001","50712","Normalizado","",291358,291380,21/10/2021 10:27:45,21/10/2021 10:27:40,,"AF","B","rsleiva",21/10/2021 11:20:19
107956,9689168,"5733610860","50938","Normalizado","",291358,291380,21/10/2021 10:27:45,21/10/2021 10:27:40,,"AF","B","rsleiva",21/10/2021 11:20:19
107958,9689168,"5844426202","53812","Normalizado","",291358,291380,21/10/2021 10:27:45,21/10/2021 10:27:40,,"AF","B","rsleiva",21/10/2021 11:20:19
107959,9689168,"6116077525","52857","Normalizado","",291358,291380,21/10/2021 10:27:45,21/10/2021 10:27:40,,"AF","B","rsleiva",21/10/2021 11:20:19
107960,9689168,"6136899241","54068","Normalizado","",291358,291380,21/10/2021 10:27:45,21/10/2021 10:27:40,,"AF","B","rsleiva",21/10/2021 11:20:19
107961,9689168,"6258129237","53958","Normalizado","",291358,291380,21/10/2021 10:27:45,21/10/2021 10:27:40,,"AF","B","rsleiva",21/10/2021 11:20:19
107962,9689168,"6293281536","52669","Normalizado","",291358,291380,21/10/2021 10:27:45,21/10/2021 10:27:40,,"AF","B","rsleiva",21/10/2021 11:20:19
105120,9647317,"1524995528","78040","Normalizado","",281295,281299,25/09/2021 16:24:59,25/09/2021 16:24:58,,"AF","B","afrak",25/09/2021 18:20:29
105126,9647317,"7693722210","78040","Normalizado","",281295,281299,25/09/2021 16:24:59,25/09/2021 16:24:58,,"AF","B","afrak",25/09/2021 18:20:29
112909,9747233,"0666856140","29018","Normalizado","",304267,304316,21/11/2021 12:38:52,21/11/2021 12:38:51,,"AF","B","afrak",21/11/2021 14:26:50
112910,9747233,"0843765825","29052","Normalizado","",304267,304316,21/11/2021 12:38:52,21/11/2021 12:38:51,,"AF","B","afrak",21/11/2021 14:26:50
112911,9747233,"0856227184","8366","Normalizado","",304267,304316,21/11/2021 12:38:52,21/11/2021 12:38:51,,"AF","B","afrak",21/11/2021 14:26:50
112912,9747233,"1217904376","8439","Normalizado","",304267,304316,21/11/2021 12:38:52,21/11/2021 12:38:51,,"AF","B","afrak",21/11/2021 14:26:50
112913,9747233,"1275512683","8686","Normalizado","",304267,304316,21/11/2021 12:38:52,21/11/2021 12:38:51,,"AF","B","afrak",21/11/2021 14:26:50
112914,9747233,"1449764760","8896","Normalizado","",304267,304316,21/11/2021 12:38:52,21/11/2021 12:38:51,,"AF","B","afrak",21/11/2021 14:26:50
112915,9747233,"1847060322","27056","Normalizado","",304267,304316,21/11/2021 12:38:52,21/11/2021 12:38:51,,"AF","B","afrak",21/11/2021 14:26:50
112916,9747233,"2947994677","8225","Normalizado","",304267,304316,21/11/2021 12:38:52,21/11/2021 12:38:51,,"AF","B","afrak",21/11/2021 14:26:50
112917,9747233,"2970471571","8640","Normalizado","",304267,304316,21/11/2021 12:38:52,21/11/2021 12:38:51,,"AF","B","afrak",21/11/2021 14:26:50
112918,9747233,"3023770431","8636","Normalizado","",304267,304316,21/11/2021 12:38:52,21/11/2021 12:38:51,,"AF","B","afrak",21/11/2021 14:26:50
112919,9747233,"3204101356","8609","Normalizado","",304267,304316,21/11/2021 12:38:52,21/11/2021 12:38:51,,"AF","B","afrak",21/11/2021 14:26:50
112920,9747233,"3267884602","27112","Normalizado","",304267,304316,21/11/2021 12:38:52,21/11/2021 12:38:51,,"AF","B","afrak",21/11/2021 14:26:50
112921,9747233,"3315818675","29002","Normalizado","",304267,304316,21/11/2021 12:38:52,21/11/2021 12:38:51,,"AF","B","afrak",21/11/2021 14:26:50
112922,9747233,"3952124918","8243","Normalizado","",304267,304316,21/11/2021 12:38:52,21/11/2021 12:38:51,,"AF","B","afrak",21/11/2021 14:26:50
112923,9747233,"4004374681","29025","Normalizado","",304267,304316,21/11/2021 12:38:52,21/11/2021 12:38:51,,"AF","B","afrak",21/11/2021 14:26:50
112924,9747233,"4243784354","29026","Normalizado","",304267,304316,21/11/2021 12:38:52,21/11/2021 12:38:51,,"AF","B","afrak",21/11/2021 14:26:50
112925,9747233,"5106543847","8847","Normalizado","",304267,304316,21/11/2021 12:38:52,21/11/2021 12:38:51,,"AF","B","afrak",21/11/2021 14:26:50
112926,9747233,"5372138600","29081","Normalizado","",304267,304316,21/11/2021 12:38:52,21/11/2021 12:38:51,,"AF","B","afrak",21/11/2021 14:26:50
112927,9747233,"5454848164","8225","Normalizado","",304267,304316,21/11/2021 12:38:52,21/11/2021 12:38:51,,"AF","B","afrak",21/11/2021 14:26:50
112928,9747233,"5951712144","8366","Normalizado","",304267,304316,21/11/2021 12:38:52,21/11/2021 12:38:51,,"AF","B","afrak",21/11/2021 14:26:50
112929,9747233,"6667481896","8364","Normalizado","",304267,304316,21/11/2021 12:38:52,21/11/2021 12:38:51,,"AF","B","afrak",21/11/2021 14:26:50
112930,9747233,"6896531722","8896","Normalizado","",304267,304316,21/11/2021 12:38:52,21/11/2021 12:38:51,,"AF","B","afrak",21/11/2021 14:26:50
112931,9747233,"7240366870","29061","Normalizado","",304267,304316,21/11/2021 12:38:52,21/11/2021 12:38:51,,"AF","B","afrak",21/11/2021 14:26:50
112932,9747233,"7485472349","8608","Normalizado","",304267,304316,21/11/2021 12:38:52,21/11/2021 12:38:51,,"AF","B","afrak",21/11/2021 14:26:50
112933,9747233,"7567991465","8494","Normalizado","",304267,304316,21/11/2021 12:38:52,21/11/2021 12:38:51,,"AF","B","afrak",21/11/2021 14:26:50
112934,9747233,"7906047432","8640","Normalizado","",304267,304316,21/11/2021 12:38:52,21/11/2021 12:38:51,,"AF","B","afrak",21/11/2021 14:26:50
112936,9747233,"8024757809","8439","Normalizado","",304267,304316,21/11/2021 12:38:52,21/11/2021 12:38:51,,"AF","B","afrak",21/11/2021 14:26:50
112937,9747233,"8215920833","8445","Normalizado","",304267,304316,21/11/2021 12:38:52,21/11/2021 12:38:51,,"AF","B","afrak",21/11/2021 14:26:50
112938,9747233,"8378944311","8609","Normalizado","",304267,304316,21/11/2021 12:38:52,21/11/2021 12:38:51,,"AF","B","afrak",21/11/2021 14:26:50
112939,9747233,"8539308737","8865","Normalizado","",304267,304316,21/11/2021 12:38:52,21/11/2021 12:38:51,,"AF","B","afrak",21/11/2021 14:26:50
112940,9747233,"8549114319","8261","Normalizado","",304267,304316,21/11/2021 12:38:52,21/11/2021 12:38:51,,"AF","B","afrak",21/11/2021 14:26:50
112941,9747233,"8672160618","8221","Normalizado","",304267,304316,21/11/2021 12:38:52,21/11/2021 12:38:51,,"AF","B","afrak",21/11/2021 14:26:50
112942,9747233,"9061832123","8494","Normalizado","",304267,304316,21/11/2021 12:38:52,21/11/2021 12:38:51,,"AF","B","afrak",21/11/2021 14:26:50
112943,9747233,"9294556620","8439","Normalizado","",304267,304316,21/11/2021 12:38:52,21/11/2021 12:38:51,,"AF","B","afrak",21/11/2021 14:26:50
112944,9747233,"9630682681","8529","Normalizado","",304267,304316,21/11/2021 12:38:52,21/11/2021 12:38:51,,"AF","B","afrak",21/11/2021 14:26:50
112945,9747233,"9691750651","8973","Normalizado","",304267,304316,21/11/2021 12:38:52,21/11/2021 12:38:51,,"AF","B","afrak",21/11/2021 14:26:50
112946,9747233,"9730604680","8320","Normalizado","",304267,304316,21/11/2021 12:38:52,21/11/2021 12:38:51,,"AF","B","afrak",21/11/2021 14:26:50
112947,9747233,"9910509315","8904","Normalizado","",304267,304316,21/11/2021 12:38:52,21/11/2021 12:38:51,,"AF","B","afrak",21/11/2021 14:26:50
105096,9647317,"0338822510","78318","Normalizado","",281201,281295,25/09/2021 16:24:59,25/09/2021 16:24:58,,"AF","B","Aplicacion",25/09/2021 18:15:01
105097,9647317,"0735974138","77095","Normalizado","",281201,281295,25/09/2021 16:24:59,25/09/2021 16:24:58,,"AF","B","Aplicacion",25/09/2021 18:15:01
105098,9647317,"1006669007","78378","Normalizado","",281201,281295,25/09/2021 16:24:59,25/09/2021 16:24:58,,"AF","B","Aplicacion",25/09/2021 18:15:01
105099,9647317,"1524995528","78040","Normalizado","",281201,281295,25/09/2021 16:24:59,25/09/2021 16:24:58,,"AF","B","Aplicacion",25/09/2021 18:15:01
105100,9647317,"2680140427","78139","Normalizado","",281201,281295,25/09/2021 16:24:59,25/09/2021 16:24:58,,"AF","B","Aplicacion",25/09/2021 18:15:01
105101,9647317,"3897560911","77846","Normalizado","",281201,281295,25/09/2021 16:24:59,25/09/2021 16:24:58,,"AF","B","Aplicacion",25/09/2021 18:15:01
105102,9647317,"5514056555","77258","Normalizado","",281201,281295,25/09/2021 16:24:59,25/09/2021 16:24:58,,"AF","B","Aplicacion",25/09/2021 18:15:01
105104,9647317,"7430093408","77900","Normalizado","",281201,281295,25/09/2021 16:24:59,25/09/2021 16:24:58,,"AF","B","Aplicacion",25/09/2021 18:15:01
105105,9647317,"7693722210","78040","Normalizado","",281201,281295,25/09/2021 16:24:59,25/09/2021 16:24:58,,"AF","B","Aplicacion",25/09/2021 18:15:01
105106,9647317,"8508419462","78562","Normalizado","",281201,281295,25/09/2021 16:24:59,25/09/2021 16:24:58,,"AF","B","Aplicacion",25/09/2021 18:15:01
105107,9647317,"9203076263","77158","Normalizado","",281201,281295,25/09/2021 16:24:59,25/09/2021 16:24:58,,"AF","B","Aplicacion",25/09/2021 18:15:01
104795,9647260,"0518093245","78117","Normalizado","",280088,280407,23/09/2021 01:01:00,23/09/2021 01:00:44,,"AF","B","afrak",23/09/2021 16:18:14
104796,9647260,"0872349292","78073","Normalizado","",280088,280407,23/09/2021 01:01:00,23/09/2021 01:00:44,,"AF","B","afrak",23/09/2021 16:18:14
104797,9647260,"1684432441","78409","Normalizado","",280088,280407,23/09/2021 01:01:00,23/09/2021 01:00:44,,"AF","B","afrak",23/09/2021 16:18:14
104798,9647260,"1876940539","78026","Normalizado","",280088,280407,23/09/2021 01:01:00,23/09/2021 01:00:44,,"AF","B","afrak",23/09/2021 16:18:14
104799,9647260,"2623713180","79298","Normalizado","",280088,280407,23/09/2021 01:01:00,23/09/2021 01:00:44,,"AF","B","afrak",23/09/2021 16:18:14
104800,9647260,"4072799908","78073","Normalizado","",280088,280407,23/09/2021 01:01:00,23/09/2021 01:00:44,,"AF","B","afrak",23/09/2021 16:18:14
104801,9647260,"4347190027","78117","Normalizado","",280088,280407,23/09/2021 01:01:00,23/09/2021 01:00:44,,"AF","B","afrak",23/09/2021 16:18:14
104802,9647260,"4612545156","78409","Normalizado","",280088,280407,23/09/2021 01:01:00,23/09/2021 01:00:44,,"AF","B","afrak",23/09/2021 16:18:14
104803,9647260,"4926079016","78068","Normalizado","",280088,280407,23/09/2021 01:01:00,23/09/2021 01:00:44,,"AF","B","afrak",23/09/2021 16:18:14
104804,9647260,"4949949411","78828","Normalizado","",280088,280407,23/09/2021 01:01:00,23/09/2021 01:00:44,,"AF","B","afrak",23/09/2021 16:18:14
104805,9647260,"6700559927","78896","Normalizado","",280088,280407,23/09/2021 01:01:00,23/09/2021 01:00:44,,"AF","B","afrak",23/09/2021 16:18:14
104806,9647260,"7305839731","78885","Normalizado","",280088,280407,23/09/2021 01:01:00,23/09/2021 01:00:44,,"AF","B","afrak",23/09/2021 16:18:14
104807,9647260,"7538349885","77627","Normalizado","",280088,280407,23/09/2021 01:01:00,23/09/2021 01:00:44,,"AF","B","afrak",23/09/2021 16:18:14
104808,9647260,"8229135751","78081","Normalizado","",280088,280407,23/09/2021 01:01:00,23/09/2021 01:00:44,,"AF","B","afrak",23/09/2021 16:18:14
104809,9647260,"8471808289","79281","Normalizado","",280088,280407,23/09/2021 01:01:00,23/09/2021 01:00:44,,"AF","B","afrak",23/09/2021 16:18:14
104810,9647260,"8488849472","78047","Normalizado","",280088,280407,23/09/2021 01:01:00,23/09/2021 01:00:44,,"AF","B","afrak",23/09/2021 16:18:14
104811,9647260,"8744815280","78804","Normalizado","",280088,280407,23/09/2021 01:01:00,23/09/2021 01:00:44,,"AF","B","afrak",23/09/2021 16:18:14
104812,9647260,"9999102164","78054","Normalizado","",280088,280407,23/09/2021 01:01:00,23/09/2021 01:00:44,,"AF","B","afrak",23/09/2021 16:18:14
117262,9803944,"0443811607","4777","Normalizado","",316701,316792,22/12/2021 07:10:21,22/12/2021 07:09:59,,"AF","B","Aplicacion",22/12/2021 07:20:01
117263,9803944,"0848604849","2427","Normalizado","",316701,316792,22/12/2021 07:10:21,22/12/2021 07:09:59,,"AF","B","Aplicacion",22/12/2021 07:20:01
117264,9803944,"1140334412","4406","Normalizado","",316701,316792,22/12/2021 07:10:21,22/12/2021 07:09:59,,"AF","B","Aplicacion",22/12/2021 07:20:01
117265,9803944,"2172619073","40416","Normalizado","",316701,316792,22/12/2021 07:10:21,22/12/2021 07:09:59,,"AF","B","Aplicacion",22/12/2021 07:20:01
117267,9803944,"2762670053","4067","Normalizado","",316701,316792,22/12/2021 07:10:21,22/12/2021 07:09:59,,"AF","B","Aplicacion",22/12/2021 07:20:01
117268,9803944,"2874199328","2131","Normalizado","",316701,316792,22/12/2021 07:10:21,22/12/2021 07:09:59,,"AF","B","Aplicacion",22/12/2021 07:20:01
117269,9803944,"3221957113","2707","Normalizado","",316701,316792,22/12/2021 07:10:21,22/12/2021 07:09:59,,"AF","B","Aplicacion",22/12/2021 07:20:01
117270,9803944,"3287864687","4777","Normalizado","",316701,316792,22/12/2021 07:10:21,22/12/2021 07:09:59,,"AF","B","Aplicacion",22/12/2021 07:20:01
117271,9803944,"3518123793","40227","Normalizado","",316701,316792,22/12/2021 07:10:21,22/12/2021 07:09:59,,"AF","B","Aplicacion",22/12/2021 07:20:01
117272,9803944,"4416518840","4067","Normalizado","",316701,316792,22/12/2021 07:10:21,22/12/2021 07:09:59,,"AF","B","Aplicacion",22/12/2021 07:20:01
117273,9803944,"4486753172","2427","Normalizado","",316701,316792,22/12/2021 07:10:21,22/12/2021 07:09:59,,"AF","B","Aplicacion",22/12/2021 07:20:01
117274,9803944,"4879646746","4157","Normalizado","",316701,316792,22/12/2021 07:10:21,22/12/2021 07:09:59,,"AF","B","Aplicacion",22/12/2021 07:20:01
117275,9803944,"5839237547","40183","Normalizado","",316701,316792,22/12/2021 07:10:21,22/12/2021 07:09:59,,"AF","B","Aplicacion",22/12/2021 07:20:01
117276,9803944,"5839913040","2044","Normalizado","",316701,316792,22/12/2021 07:10:21,22/12/2021 07:09:59,,"AF","B","Aplicacion",22/12/2021 07:20:01
117277,9803944,"5947520559","2737","Normalizado","",316701,316792,22/12/2021 07:10:21,22/12/2021 07:09:59,,"AF","B","Aplicacion",22/12/2021 07:20:01
117278,9803944,"6450781786","4035","Normalizado","",316701,316792,22/12/2021 07:10:21,22/12/2021 07:09:59,,"AF","B","Aplicacion",22/12/2021 07:20:01
117279,9803944,"6554890709","2229","Normalizado","",316701,316792,22/12/2021 07:10:21,22/12/2021 07:09:59,,"AF","B","Aplicacion",22/12/2021 07:20:01
117280,9803944,"6784229975","2521","Normalizado","",316701,316792,22/12/2021 07:10:21,22/12/2021 07:09:59,,"AF","B","Aplicacion",22/12/2021 07:20:01
117281,9803944,"6812518852","2044","Normalizado","",316701,316792,22/12/2021 07:10:21,22/12/2021 07:09:59,,"AF","B","Aplicacion",22/12/2021 07:20:01
117283,9803944,"8048105402","2491","Normalizado","",316701,316792,22/12/2021 07:10:21,22/12/2021 07:09:59,,"AF","B","Aplicacion",22/12/2021 07:20:01
117284,9803944,"8639361606","40286","Normalizado","",316701,316792,22/12/2021 07:10:21,22/12/2021 07:09:59,,"AF","B","Aplicacion",22/12/2021 07:20:01
117285,9803944,"9308208181","4057","Normalizado","",316701,316792,22/12/2021 07:10:21,22/12/2021 07:09:59,,"AF","B","Aplicacion",22/12/2021 07:20:01
117286,9803944,"9402629105","4456","Normalizado","",316701,316792,22/12/2021 07:10:21,22/12/2021 07:09:59,,"AF","B","Aplicacion",22/12/2021 07:20:01
117287,9803944,"9473501066","4406","Normalizado","",316701,316792,22/12/2021 07:10:21,22/12/2021 07:09:59,,"AF","B","Aplicacion",22/12/2021 07:20:01
117288,9803944,"9485848329","4081","Normalizado","",316701,316792,22/12/2021 07:10:21,22/12/2021 07:09:59,,"AF","B","Aplicacion",22/12/2021 07:20:01
117289,9803944,"9515017762","4190","Normalizado","",316701,316792,22/12/2021 07:10:21,22/12/2021 07:09:59,,"AF","B","Aplicacion",22/12/2021 07:20:01
117290,9803944,"9877740728","4133","Normalizado","",316701,316792,22/12/2021 07:10:21,22/12/2021 07:09:59,,"AF","B","Aplicacion",22/12/2021 07:20:01
117291,9803944,"9936214327","4081","Normalizado","",316701,316792,22/12/2021 07:10:21,22/12/2021 07:09:59,,"AF","B","Aplicacion",22/12/2021 07:20:01
201138,9925751,"0064369660","77502","Normalizado","",331155,331190,16/01/2022 02:50:22,16/01/2022 02:50:21,,"AF","B","rsleiva",18/01/2022 12:04:17
201139,9925751,"0154290960","79268","Normalizado","",331155,331190,16/01/2022 02:50:22,16/01/2022 02:50:21,,"AF","B","rsleiva",18/01/2022 12:04:17
201140,9925751,"0219111379","77430","Normalizado","",331155,331190,16/01/2022 02:50:22,16/01/2022 02:50:21,,"AF","B","rsleiva",18/01/2022 12:04:17
201141,9925750,"0521400227","77497","Normalizado","",331155,331191,16/01/2022 02:49:30,16/01/2022 02:49:29,,"AF","B","rsleiva",18/01/2022 12:04:17
201142,9925751,"0619065173","79268","Normalizado","",331155,331190,16/01/2022 02:50:22,16/01/2022 02:50:21,,"AF","B","rsleiva",18/01/2022 12:04:17
201143,9925751,"0881716414","77597","Normalizado","",331155,331190,16/01/2022 02:50:22,16/01/2022 02:50:21,,"AF","B","rsleiva",18/01/2022 12:04:17
201145,9925751,"1108756997","77443","Normalizado","",331155,331190,16/01/2022 02:50:22,16/01/2022 02:50:21,,"AF","B","rsleiva",18/01/2022 12:04:17
201146,9925751,"1508412405","77128","Normalizado","",331155,331190,16/01/2022 02:50:22,16/01/2022 02:50:21,,"AF","B","rsleiva",18/01/2022 12:04:17
201147,9925751,"1579072776","77505","Normalizado","",331155,331190,16/01/2022 02:50:22,16/01/2022 02:50:21,,"AF","B","rsleiva",18/01/2022 12:04:17
201148,9925750,"1676577565","77509","Normalizado","",331155,331191,16/01/2022 02:49:30,16/01/2022 02:49:29,,"AF","B","rsleiva",18/01/2022 12:04:17
201149,9925751,"1770544066","77433","Normalizado","",331155,331190,16/01/2022 02:50:22,16/01/2022 02:50:21,,"AF","B","rsleiva",18/01/2022 12:04:17
201150,9925751,"2578250652","77243","Normalizado","",331155,331190,16/01/2022 02:50:22,16/01/2022 02:50:21,,"AF","B","rsleiva",18/01/2022 12:04:17
201152,9925751,"2969539133","77902","Normalizado","",331155,331190,16/01/2022 02:50:22,16/01/2022 02:50:21,,"AF","B","rsleiva",18/01/2022 12:04:17
201153,9925750,"3542813281","77937","Normalizado","",331155,331191,16/01/2022 02:49:30,16/01/2022 02:49:29,,"AF","B","rsleiva",18/01/2022 12:04:17
201154,9925750,"3593585574","79005","Normalizado","",331155,331191,16/01/2022 02:49:30,16/01/2022 02:49:29,,"AF","B","rsleiva",18/01/2022 12:04:17
201155,9925751,"3710410523","77605","Normalizado","",331155,331190,16/01/2022 02:50:22,16/01/2022 02:50:21,,"AF","B","rsleiva",18/01/2022 12:04:17
201156,9925750,"3887603256","76338","Normalizado","",331155,331191,16/01/2022 02:49:30,16/01/2022 02:49:29,,"AF","B","rsleiva",18/01/2022 12:04:17
201157,9925751,"3978538636","77430","Normalizado","",331155,331190,16/01/2022 02:50:22,16/01/2022 02:50:21,,"AF","B","rsleiva",18/01/2022 12:04:17
201158,9925751,"4511876004","79081","Normalizado","",331155,331190,16/01/2022 02:50:22,16/01/2022 02:50:21,,"AF","B","rsleiva",18/01/2022 12:04:17
201159,9925750,"4948287785","77814","Normalizado","",331155,331191,16/01/2022 02:49:30,16/01/2022 02:49:29,,"AF","B","rsleiva",18/01/2022 12:04:17
201160,9925751,"5682283208","77430","Normalizado","",331155,331190,16/01/2022 02:50:22,16/01/2022 02:50:21,,"AF","B","rsleiva",18/01/2022 12:04:17
201161,9925751,"5905727170","79134","Normalizado","",331155,331190,16/01/2022 02:50:22,16/01/2022 02:50:21,,"AF","B","rsleiva",18/01/2022 12:04:17
201162,9925750,"6050351086","79162","Normalizado","",331155,331191,16/01/2022 02:49:30,16/01/2022 02:49:29,,"AF","B","rsleiva",18/01/2022 12:04:17
201163,9925751,"6223767595","77139","Normalizado","",331155,331190,16/01/2022 02:50:22,16/01/2022 02:50:21,,"AF","B","rsleiva",18/01/2022 12:04:17
201164,9925751,"6442998230","77586","Normalizado","",331155,331190,16/01/2022 02:50:22,16/01/2022 02:50:21,,"AF","B","rsleiva",18/01/2022 12:04:17
201165,9925751,"6634209017","77162","Normalizado","",331155,331190,16/01/2022 02:50:22,16/01/2022 02:50:21,,"AF","B","rsleiva",18/01/2022 12:04:17
201166,9925750,"6641627926","77282","Normalizado","",331155,331191,16/01/2022 02:49:30,16/01/2022 02:49:29,,"AF","B","rsleiva",18/01/2022 12:04:17
201167,9925750,"7028859218","77161","Normalizado","",331155,331191,16/01/2022 02:49:30,16/01/2022 02:49:29,,"AF","B","rsleiva",18/01/2022 12:04:17
201168,9925750,"7327255214","77141","Normalizado","",331155,331191,16/01/2022 02:49:30,16/01/2022 02:49:29,,"AF","B","rsleiva",18/01/2022 12:04:17
201170,9925750,"8334080468","79023","Normalizado","",331155,331191,16/01/2022 02:49:30,16/01/2022 02:49:29,,"AF","B","rsleiva",18/01/2022 12:04:17
201171,9925751,"8605957217","77505","Normalizado","",331155,331190,16/01/2022 02:50:22,16/01/2022 02:50:21,,"AF","B","rsleiva",18/01/2022 12:04:17
201172,9925751,"8653996749","77083","Normalizado","",331155,331190,16/01/2022 02:50:22,16/01/2022 02:50:21,,"AF","B","rsleiva",18/01/2022 12:04:17
201173,9925750,"8708433199","77726","Normalizado","",331155,331191,16/01/2022 02:49:30,16/01/2022 02:49:29,,"AF","B","rsleiva",18/01/2022 12:04:17
201174,9925750,"8797545231","79023","Normalizado","",331155,331191,16/01/2022 02:49:30,16/01/2022 02:49:29,,"AF","B","rsleiva",18/01/2022 12:04:17
201175,9925751,"9094372976","77505","Normalizado","",331155,331190,16/01/2022 02:50:22,16/01/2022 02:50:21,,"AF","B","rsleiva",18/01/2022 12:04:17
201176,9925750,"9118780369","77029","Normalizado","",331155,331191,16/01/2022 02:49:30,16/01/2022 02:49:29,,"AF","B","rsleiva",18/01/2022 12:04:17
201177,9925750,"9161467630","79144","Normalizado","",331155,331191,16/01/2022 02:49:30,16/01/2022 02:49:29,,"AF","B","rsleiva",18/01/2022 12:04:17
201178,9925750,"9266252248","77251","Normalizado","",331155,331191,16/01/2022 02:49:30,16/01/2022 02:49:29,,"AF","B","rsleiva",18/01/2022 12:04:17
201179,9925751,"9463901300","79166","Normalizado","",331155,331190,16/01/2022 02:50:22,16/01/2022 02:50:21,,"AF","B","rsleiva",18/01/2022 12:04:17
201180,9925751,"9528654839","77498","Normalizado","",331155,331190,16/01/2022 02:50:22,16/01/2022 02:50:21,,"AF","B","rsleiva",18/01/2022 12:04:17
212669,10076839,"8099292396","5829","Normalizado","",357866,357951,23/03/2022 00:09:30,23/03/2022 00:09:29,,"AF","B","jgoldman",23/03/2022 06:47:56
212670,10076839,"8184918817","17154","Normalizado","",357866,357951,23/03/2022 00:09:30,23/03/2022 00:09:29,,"AF","B","jgoldman",23/03/2022 06:47:56
212675,10076839,"8437000000","5119","Normalizado","",357866,357951,23/03/2022 00:09:30,23/03/2022 00:09:29,,"AF","B","jgoldman",23/03/2022 06:47:56
212678,10076839,"8508427282","5404","Normalizado","",357866,357951,23/03/2022 00:09:30,23/03/2022 00:09:29,,"AF","B","jgoldman",23/03/2022 06:47:56
212682,10076839,"9505533024","18048","Normalizado","",357866,357951,23/03/2022 00:09:30,23/03/2022 00:09:29,,"AF","B","jgoldman",23/03/2022 06:47:56
212683,10076839,"9600121274","19129","Normalizado","",357866,357951,23/03/2022 00:09:30,23/03/2022 00:09:29,,"AF","B","jgoldman",23/03/2022 06:47:56
212685,10076839,"9674747542","18088","Normalizado","",357866,357951,23/03/2022 00:09:30,23/03/2022 00:09:29,,"AF","B","jgoldman",23/03/2022 06:47:56
212776,10059127,"0519048141","5439","Pendiente","",358020,358020,14/03/2022 15:28:54,14/03/2022 11:17:48,,"AF","B","Aplicacion",23/03/2022 10:25:01
212778,10059127,"0542523853","4788","Pendiente","",358020,358020,14/03/2022 15:28:54,14/03/2022 11:17:48,,"AF","B","Aplicacion",23/03/2022 10:25:01
212780,10059127,"1213042871","4213","Pendiente","",358020,358020,14/03/2022 15:28:54,14/03/2022 11:17:48,,"AF","B","Aplicacion",23/03/2022 10:25:01
212782,10059127,"1738449616","4454","Pendiente","",358020,358020,14/03/2022 15:28:54,14/03/2022 11:17:48,,"AF","B","Aplicacion",23/03/2022 10:25:01
212784,10059127,"2010774074","19815","Pendiente","",358020,358020,14/03/2022 15:28:54,14/03/2022 11:17:48,,"AF","B","Aplicacion",23/03/2022 10:25:01
212786,10059127,"3158353056","40698","Pendiente","",358020,358020,14/03/2022 15:28:54,14/03/2022 11:17:48,,"AF","B","Aplicacion",23/03/2022 10:25:01
212788,10059127,"5082699657","4530","Pendiente","",358020,358020,14/03/2022 15:28:54,14/03/2022 11:17:48,,"AF","B","Aplicacion",23/03/2022 10:25:01
212790,10059127,"5243086749","4788","Pendiente","",358020,358020,14/03/2022 15:28:54,14/03/2022 11:17:48,,"AF","B","Aplicacion",23/03/2022 10:25:01
212792,10059127,"6231899745","40685","Pendiente","",358020,358020,14/03/2022 15:28:54,14/03/2022 11:17:48,,"AF","B","Aplicacion",23/03/2022 10:25:01
212794,10059127,"6716933890","4454","Pendiente","",358020,358020,14/03/2022 15:28:54,14/03/2022 11:17:48,,"AF","B","Aplicacion",23/03/2022 10:25:01
212796,10059127,"7250638524","4454","Pendiente","",358020,358020,14/03/2022 15:28:54,14/03/2022 11:17:48,,"AF","B","Aplicacion",23/03/2022 10:25:01
212798,10059127,"8156144797","19102","Pendiente","",358020,358020,14/03/2022 15:28:54,14/03/2022 11:17:48,,"AF","B","Aplicacion",23/03/2022 10:25:01
214587,10105288,"2459464701","16272","Normalizado","",363557,363838,07/04/2022 18:12:35,07/04/2022 18:11:40,,"AF","B","afrak",08/04/2022 14:11:15
214588,10105288,"2860491600","11846","Normalizado","",363557,363838,07/04/2022 18:12:35,07/04/2022 18:11:40,,"AF","B","afrak",08/04/2022 14:11:15
214589,10105288,"3017522875","16272","Normalizado","",363557,363838,07/04/2022 18:12:35,07/04/2022 18:11:40,,"AF","B","afrak",08/04/2022 14:11:15
214590,10105288,"3472619919","11845","Normalizado","",363557,363838,07/04/2022 18:12:35,07/04/2022 18:11:40,,"AF","B","afrak",08/04/2022 14:11:15
214591,10105288,"5480072602","11915","Normalizado","",363557,363838,07/04/2022 18:12:35,07/04/2022 18:11:40,,"AF","B","afrak",08/04/2022 14:11:15
214592,10105288,"7607089080","16674","Normalizado","",363557,363838,07/04/2022 18:12:35,07/04/2022 18:11:40,,"AF","B","afrak",08/04/2022 14:11:15
214593,10105288,"7946401686","16064","Normalizado","",363557,363838,07/04/2022 18:12:35,07/04/2022 18:11:40,,"AF","B","afrak",08/04/2022 14:11:15
214594,10105288,"8042339859","16371","Normalizado","",363557,363838,07/04/2022 18:12:35,07/04/2022 18:11:40,,"AF","B","afrak",08/04/2022 14:11:15
214595,10105288,"8685396162","16683","Normalizado","",363557,363838,07/04/2022 18:12:35,07/04/2022 18:11:40,,"AF","B","afrak",08/04/2022 14:11:15
214596,10105288,"8905827525","11914","Normalizado","",363557,363838,07/04/2022 18:12:35,07/04/2022 18:11:40,,"AF","B","afrak",08/04/2022 14:11:15
214597,10105288,"9374358271","34941","Normalizado","",363557,363838,07/04/2022 18:12:35,07/04/2022 18:11:40,,"AF","B","afrak",08/04/2022 14:11:15
214598,10105288,"9541888423","16037","Normalizado","",363557,363838,07/04/2022 18:12:35,07/04/2022 18:11:40,,"AF","B","afrak",08/04/2022 14:11:15
212600,10076839,"0332294440","18268","Normalizado","",357866,357951,23/03/2022 00:09:30,23/03/2022 00:09:29,,"AF","B","jgoldman",23/03/2022 06:47:56
212601,10076839,"0466453358","19042","Normalizado","",357866,357951,23/03/2022 00:09:30,23/03/2022 00:09:29,,"AF","B","jgoldman",23/03/2022 06:47:56
212603,10076839,"0534215666","5264","Normalizado","",357866,357951,23/03/2022 00:09:30,23/03/2022 00:09:29,,"AF","B","jgoldman",23/03/2022 06:47:56
212604,10076839,"0665255987","5919","Normalizado","",357866,357951,23/03/2022 00:09:30,23/03/2022 00:09:29,,"AF","B","jgoldman",23/03/2022 06:47:56
212605,10076839,"0820432186","5691","Normalizado","",357866,357951,23/03/2022 00:09:30,23/03/2022 00:09:29,,"AF","B","jgoldman",23/03/2022 06:47:56
212606,10076839,"0846917280","17051","Normalizado","",357866,357951,23/03/2022 00:09:30,23/03/2022 00:09:29,,"AF","B","jgoldman",23/03/2022 06:47:56
212608,10076839,"1208391442","19028","Normalizado","",357866,357951,23/03/2022 00:09:30,23/03/2022 00:09:29,,"AF","B","jgoldman",23/03/2022 06:47:56
212612,10076839,"1690241327","5185","Normalizado","",357866,357951,23/03/2022 00:09:30,23/03/2022 00:09:29,,"AF","B","jgoldman",23/03/2022 06:47:56
212613,10076839,"1894848108","5282","Normalizado","",357866,357951,23/03/2022 00:09:30,23/03/2022 00:09:29,,"AF","B","jgoldman",23/03/2022 06:47:56
212615,10076839,"2008280729","18088","Normalizado","",357866,357951,23/03/2022 00:09:30,23/03/2022 00:09:29,,"AF","B","jgoldman",23/03/2022 06:47:56
212617,10076839,"2155809088","17192","Normalizado","",357866,357951,23/03/2022 00:09:30,23/03/2022 00:09:29,,"AF","B","jgoldman",23/03/2022 06:47:56
212621,10076839,"2563220848","5037","Normalizado","",357866,357951,23/03/2022 00:09:30,23/03/2022 00:09:29,,"AF","B","jgoldman",23/03/2022 06:47:56
212622,10076839,"2732892836","19090","Normalizado","",357866,357951,23/03/2022 00:09:30,23/03/2022 00:09:29,,"AF","B","jgoldman",23/03/2022 06:47:56
212624,10076839,"2954411660","17262","Normalizado","",357866,357951,23/03/2022 00:09:30,23/03/2022 00:09:29,,"AF","B","jgoldman",23/03/2022 06:47:56
212629,10076839,"3777738006","17183","Normalizado","",357866,357951,23/03/2022 00:09:30,23/03/2022 00:09:29,,"AF","B","jgoldman",23/03/2022 06:47:56
212633,10076839,"4122688757","17067","Normalizado","",357866,357951,23/03/2022 00:09:30,23/03/2022 00:09:29,,"AF","B","jgoldman",23/03/2022 06:47:56
212634,10076839,"4268015120","18201","Normalizado","",357866,357951,23/03/2022 00:09:30,23/03/2022 00:09:29,,"AF","B","jgoldman",23/03/2022 06:47:56
213694,10076839,"6819742223","5119","Pendiente","",360122,,23/03/2022 00:09:30,23/03/2022 00:09:29,,"AF","A","Aplicacion",28/03/2022 11:55:07
212637,10076839,"4496980726","5176","Normalizado","",357866,357951,23/03/2022 00:09:30,23/03/2022 00:09:29,,"AF","B","jgoldman",23/03/2022 06:47:56
212638,10076839,"4709003790","5086","Normalizado","",357866,357951,23/03/2022 00:09:30,23/03/2022 00:09:29,,"AF","B","jgoldman",23/03/2022 06:47:56
212639,10076839,"4737000000","19714","Normalizado","",357866,357951,23/03/2022 00:09:30,23/03/2022 00:09:29,,"AF","B","jgoldman",23/03/2022 06:47:56
212641,10076839,"4762113370","5631","Normalizado","",357866,357951,23/03/2022 00:09:30,23/03/2022 00:09:29,,"AF","B","jgoldman",23/03/2022 06:47:56
212642,10076839,"4785160699","17279","Normalizado","",357866,357951,23/03/2022 00:09:30,23/03/2022 00:09:29,,"AF","B","jgoldman",23/03/2022 06:47:56
212644,10076839,"5122538527","19827","Normalizado","",357866,357951,23/03/2022 00:09:30,23/03/2022 00:09:29,,"AF","B","jgoldman",23/03/2022 06:47:56
212645,10076839,"5507270010","19751","Normalizado","",357866,357951,23/03/2022 00:09:30,23/03/2022 00:09:29,,"AF","B","jgoldman",23/03/2022 06:47:56
212650,10076839,"6243785878","19171","Normalizado","",357866,357951,23/03/2022 00:09:30,23/03/2022 00:09:29,,"AF","B","jgoldman",23/03/2022 06:47:56
212654,10076839,"6699766526","5171","Normalizado","",357866,357951,23/03/2022 00:09:30,23/03/2022 00:09:29,,"AF","B","jgoldman",23/03/2022 06:47:56
212657,10076839,"6819207979","5392","Normalizado","",357866,357951,23/03/2022 00:09:30,23/03/2022 00:09:29,,"AF","B","jgoldman",23/03/2022 06:47:56
212658,10076839,"6819742223","5119","Normalizado","",357866,357951,23/03/2022 00:09:30,23/03/2022 00:09:29,,"AF","B","jgoldman",23/03/2022 06:47:56
212659,10076839,"6844507674","5278","Normalizado","",357866,357951,23/03/2022 00:09:30,23/03/2022 00:09:29,,"AF","B","jgoldman",23/03/2022 06:47:56
212661,10076839,"7016371943","19129","Normalizado","",357866,357951,23/03/2022 00:09:30,23/03/2022 00:09:29,,"AF","B","jgoldman",23/03/2022 06:47:56
212663,10076839,"7090256825","17067","Normalizado","",357866,357951,23/03/2022 00:09:30,23/03/2022 00:09:29,,"AF","B","jgoldman",23/03/2022 06:47:56
212665,10076839,"7483275371","18056","Normalizado","",357866,357951,23/03/2022 00:09:30,23/03/2022 00:09:29,,"AF","B","jgoldman",23/03/2022 06:47:56
212668,10076839,"8087073291","5230","Normalizado","",357866,357951,23/03/2022 00:09:30,23/03/2022 00:09:29,,"AF","B","jgoldman",23/03/2022 06:47:56
213702,10076839,"8437000000","5119","Pendiente","",360122,,23/03/2022 00:09:30,23/03/2022 00:09:29,,"AF","A","Aplicacion",28/03/2022 11:55:07
247797,10372276,"0152214514","8956","Normalizado","",407226,407733,14/07/2022 00:08:34,14/07/2022 00:02:00,,"AF","B","jgoldman",15/07/2022 07:19:44
247798,10372276,"0287096525","7616","Normalizado","",407226,407733,14/07/2022 00:08:34,14/07/2022 00:02:00,,"AF","B","jgoldman",15/07/2022 07:19:44
247799,10372276,"0402468868","8526","Normalizado","",407226,407733,14/07/2022 00:08:34,14/07/2022 00:02:00,,"AF","B","jgoldman",15/07/2022 07:19:44
247800,10372276,"0505903765","27051","Normalizado","",407226,407733,14/07/2022 00:08:34,14/07/2022 00:02:00,,"AF","B","jgoldman",15/07/2022 07:19:44
247801,10372276,"0547610058","7231","Normalizado","",407226,407733,14/07/2022 00:08:34,14/07/2022 00:02:00,,"AF","B","jgoldman",15/07/2022 07:19:44
247802,10372276,"0691481714","8312","Normalizado","",407226,407733,14/07/2022 00:08:34,14/07/2022 00:02:00,,"AF","B","jgoldman",15/07/2022 07:19:44
247803,10372276,"0728053284","27090","Normalizado","",407226,407733,14/07/2022 00:08:34,14/07/2022 00:02:00,,"AF","B","jgoldman",15/07/2022 07:19:44
247804,10372276,"0840872750","7335","Normalizado","",407226,407733,14/07/2022 00:08:34,14/07/2022 00:02:00,,"AF","B","jgoldman",15/07/2022 07:19:44
247805,10372276,"0894492657","27105","Normalizado","",407226,407733,14/07/2022 00:08:34,14/07/2022 00:02:00,,"AF","B","jgoldman",15/07/2022 07:19:44
247806,10372276,"0990022560","7106","Normalizado","",407226,407733,14/07/2022 00:08:34,14/07/2022 00:02:00,,"AF","B","jgoldman",15/07/2022 07:19:44
247807,10372276,"1080514912","8152","Normalizado","",407226,407733,14/07/2022 00:08:34,14/07/2022 00:02:00,,"AF","B","jgoldman",15/07/2022 07:19:44
247808,10372276,"1142258436","7824","Normalizado","",407226,407733,14/07/2022 00:08:34,14/07/2022 00:02:00,,"AF","B","jgoldman",15/07/2022 07:19:44
247809,10372276,"1150472806","7372","Normalizado","",407226,407733,14/07/2022 00:08:34,14/07/2022 00:02:00,,"AF","B","jgoldman",15/07/2022 07:19:44
247810,10372276,"1473539697","7947","Normalizado","",407226,407733,14/07/2022 00:08:34,14/07/2022 00:02:00,,"AF","B","jgoldman",15/07/2022 07:19:44
247811,10372276,"1482432804","7146","Normalizado","",407226,407733,14/07/2022 00:08:34,14/07/2022 00:02:00,,"AF","B","jgoldman",15/07/2022 07:19:44
247812,10372276,"1533559327","8148","Normalizado","",407226,407733,14/07/2022 00:08:34,14/07/2022 00:02:00,,"AF","B","jgoldman",15/07/2022 07:19:44
247813,10372276,"1664790823","8451","Normalizado","",407226,407733,14/07/2022 00:08:34,14/07/2022 00:02:00,,"AF","B","jgoldman",15/07/2022 07:19:44
247814,10372276,"1677903277","8009","Normalizado","",407226,407733,14/07/2022 00:08:34,14/07/2022 00:02:00,,"AF","B","jgoldman",15/07/2022 07:19:44
247815,10372276,"1765442100","8376","Normalizado","",407226,407733,14/07/2022 00:08:34,14/07/2022 00:02:00,,"AF","B","jgoldman",15/07/2022 07:19:44
247816,10372276,"2407361281","8305","Normalizado","",407226,407733,14/07/2022 00:08:34,14/07/2022 00:02:00,,"AF","B","jgoldman",15/07/2022 07:19:44
247817,10372276,"2603990337","7107","Normalizado","",407226,407733,14/07/2022 00:08:34,14/07/2022 00:02:00,,"AF","B","jgoldman",15/07/2022 07:19:44
247818,10372276,"3234197491","7473","Normalizado","",407226,407733,14/07/2022 00:08:34,14/07/2022 00:02:00,,"AF","B","jgoldman",15/07/2022 07:19:44
247819,10372276,"3333247337","7045","Normalizado","",407226,407733,14/07/2022 00:08:34,14/07/2022 00:02:00,,"AF","B","jgoldman",15/07/2022 07:19:44
247820,10372276,"3339511552","7631","Normalizado","",407226,407733,14/07/2022 00:08:34,14/07/2022 00:02:00,,"AF","B","jgoldman",15/07/2022 07:19:44
247821,10372276,"3361856453","7031","Normalizado","",407226,407733,14/07/2022 00:08:34,14/07/2022 00:02:00,,"AF","B","jgoldman",15/07/2022 07:19:44
247822,10372276,"3480788192","7387","Normalizado","",407226,407733,14/07/2022 00:08:34,14/07/2022 00:02:00,,"AF","B","jgoldman",15/07/2022 07:19:44
247823,10372276,"3653380546","8278","Normalizado","",407226,407733,14/07/2022 00:08:34,14/07/2022 00:02:00,,"AF","B","jgoldman",15/07/2022 07:19:44
247825,10372276,"4157148649","7071","Normalizado","",407226,407733,14/07/2022 00:08:34,14/07/2022 00:02:00,,"AF","B","jgoldman",15/07/2022 07:19:44
247826,10372276,"4270636703","8415","Normalizado","",407226,407733,14/07/2022 00:08:34,14/07/2022 00:02:00,,"AF","B","jgoldman",15/07/2022 07:19:44
247827,10372276,"4285396488","7954","Normalizado","",407226,407733,14/07/2022 00:08:34,14/07/2022 00:02:00,,"AF","B","jgoldman",15/07/2022 07:19:44
247828,10372276,"4337939994","8236","Normalizado","",407226,407733,14/07/2022 00:08:34,14/07/2022 00:02:00,,"AF","B","jgoldman",15/07/2022 07:19:44
247829,10372276,"4342934042","7131","Normalizado","",407226,407733,14/07/2022 00:08:34,14/07/2022 00:02:00,,"AF","B","jgoldman",15/07/2022 07:19:44
247830,10372276,"4425830800","8451","Normalizado","",407226,407733,14/07/2022 00:08:34,14/07/2022 00:02:00,,"AF","B","jgoldman",15/07/2022 07:19:44
247831,10372276,"4733158105","8287","Normalizado","",407226,407733,14/07/2022 00:08:34,14/07/2022 00:02:00,,"AF","B","jgoldman",15/07/2022 07:19:44
247832,10372276,"4823070190","7080","Normalizado","",407226,407733,14/07/2022 00:08:34,14/07/2022 00:02:00,,"AF","B","jgoldman",15/07/2022 07:19:44
247834,10372276,"4948796559","8976","Normalizado","",407226,407733,14/07/2022 00:08:34,14/07/2022 00:02:00,,"AF","B","jgoldman",15/07/2022 07:19:44
247835,10372276,"5190344299","7581","Normalizado","",407226,407733,14/07/2022 00:08:34,14/07/2022 00:02:00,,"AF","B","jgoldman",15/07/2022 07:19:44
247836,10372276,"5297817593","7104","Normalizado","",407226,407733,14/07/2022 00:08:34,14/07/2022 00:02:00,,"AF","B","jgoldman",15/07/2022 07:19:44
247837,10372276,"5422761472","7571","Normalizado","",407226,407733,14/07/2022 00:08:34,14/07/2022 00:02:00,,"AF","B","jgoldman",15/07/2022 07:19:44
247838,10372276,"5494300356","8503","Normalizado","",407226,407733,14/07/2022 00:08:34,14/07/2022 00:02:00,,"AF","B","jgoldman",15/07/2022 07:19:44
247839,10372276,"5600633023","8305","Normalizado","",407226,407733,14/07/2022 00:08:34,14/07/2022 00:02:00,,"AF","B","jgoldman",15/07/2022 07:19:44
247840,10372276,"5624017609","7106","Normalizado","",407226,407733,14/07/2022 00:08:34,14/07/2022 00:02:00,,"AF","B","jgoldman",15/07/2022 07:19:44
247841,10372276,"5800151418","8945","Normalizado","",407226,407733,14/07/2022 00:08:34,14/07/2022 00:02:00,,"AF","B","jgoldman",15/07/2022 07:19:44
247842,10372276,"6152054246","7583","Normalizado","",407226,407733,14/07/2022 00:08:34,14/07/2022 00:02:00,,"AF","B","jgoldman",15/07/2022 07:19:44
247843,10372276,"6161044481","8562","Normalizado","",407226,407733,14/07/2022 00:08:34,14/07/2022 00:02:00,,"AF","B","jgoldman",15/07/2022 07:19:44
247844,10372276,"6377980186","8519","Normalizado","",407226,407733,14/07/2022 00:08:34,14/07/2022 00:02:00,,"AF","B","jgoldman",15/07/2022 07:19:44
247845,10372276,"6638622942","7387","Normalizado","",407226,407733,14/07/2022 00:08:34,14/07/2022 00:02:00,,"AF","B","jgoldman",15/07/2022 07:19:44
247846,10372276,"6663186004","28165","Normalizado","",407226,407733,14/07/2022 00:08:34,14/07/2022 00:02:00,,"AF","B","jgoldman",15/07/2022 07:19:44
247847,10372276,"6874408016","8162","Normalizado","",407226,407733,14/07/2022 00:08:34,14/07/2022 00:02:00,,"AF","B","jgoldman",15/07/2022 07:19:44
247848,10372276,"7163723241","7934","Normalizado","",407226,407733,14/07/2022 00:08:34,14/07/2022 00:02:00,,"AF","B","jgoldman",15/07/2022 07:19:44
247849,10372276,"7286838660","7215","Normalizado","",407226,407733,14/07/2022 00:08:34,14/07/2022 00:02:00,,"AF","B","jgoldman",15/07/2022 07:19:44
247850,10372276,"7495276740","7822","Normalizado","",407226,407733,14/07/2022 00:08:34,14/07/2022 00:02:00,,"AF","B","jgoldman",15/07/2022 07:19:44
247852,10372276,"7571699962","7176","Normalizado","",407226,407733,14/07/2022 00:08:34,14/07/2022 00:02:00,,"AF","B","jgoldman",15/07/2022 07:19:44
247853,10372276,"7595200367","8228","Normalizado","",407226,407733,14/07/2022 00:08:34,14/07/2022 00:02:00,,"AF","B","jgoldman",15/07/2022 07:19:44
247854,10372276,"7770451183","8395","Normalizado","",407226,407733,14/07/2022 00:08:34,14/07/2022 00:02:00,,"AF","B","jgoldman",15/07/2022 07:19:44
247855,10372276,"7839011893","8701","Normalizado","",407226,407733,14/07/2022 00:08:34,14/07/2022 00:02:00,,"AF","B","jgoldman",15/07/2022 07:19:44
247856,10372276,"7968592466","8395","Normalizado","",407226,407733,14/07/2022 00:08:34,14/07/2022 00:02:00,,"AF","B","jgoldman",15/07/2022 07:19:44
247858,10372276,"8193472007","8517","Normalizado","",407226,407733,14/07/2022 00:08:34,14/07/2022 00:02:00,,"AF","B","jgoldman",15/07/2022 07:19:44
247859,10372276,"8430727453","8009","Normalizado","",407226,407733,14/07/2022 00:08:34,14/07/2022 00:02:00,,"AF","B","jgoldman",15/07/2022 07:19:44
247860,10372276,"8532078562","7028","Normalizado","",407226,407733,14/07/2022 00:08:34,14/07/2022 00:02:00,,"AF","B","jgoldman",15/07/2022 07:19:44
247861,10372276,"8556995889","7982","Normalizado","",407226,407733,14/07/2022 00:08:34,14/07/2022 00:02:00,,"AF","B","jgoldman",15/07/2022 07:19:44
247862,10372276,"8569063415","7896","Normalizado","",407226,407733,14/07/2022 00:08:34,14/07/2022 00:02:00,,"AF","B","jgoldman",15/07/2022 07:19:44
247863,10372276,"8589145368","7131","Normalizado","",407226,407733,14/07/2022 00:08:34,14/07/2022 00:02:00,,"AF","B","jgoldman",15/07/2022 07:19:44
247864,10372276,"8617153750","7107","Normalizado","",407226,407733,14/07/2022 00:08:34,14/07/2022 00:02:00,,"AF","B","jgoldman",15/07/2022 07:19:44
247865,10372276,"8778966746","7822","Normalizado","",407226,407733,14/07/2022 00:08:34,14/07/2022 00:02:00,,"AF","B","jgoldman",15/07/2022 07:19:44
247866,10372276,"8797009383","8333","Normalizado","",407226,407733,14/07/2022 00:08:34,14/07/2022 00:02:00,,"AF","B","jgoldman",15/07/2022 07:19:44
247867,10372276,"8903317968","7156","Normalizado","",407226,407733,14/07/2022 00:08:34,14/07/2022 00:02:00,,"AF","B","jgoldman",15/07/2022 07:19:44
247868,10372276,"8974848021","8503","Normalizado","",407226,407733,14/07/2022 00:08:34,14/07/2022 00:02:00,,"AF","B","jgoldman",15/07/2022 07:19:44
247869,10372276,"9087646749","7026","Normalizado","",407226,407733,14/07/2022 00:08:34,14/07/2022 00:02:00,,"AF","B","jgoldman",15/07/2022 07:19:44
247870,10372276,"9235622757","7156","Normalizado","",407226,407733,14/07/2022 00:08:34,14/07/2022 00:02:00,,"AF","B","jgoldman",15/07/2022 07:19:44
247871,10372276,"9267874880","7616","Normalizado","",407226,407733,14/07/2022 00:08:34,14/07/2022 00:02:00,,"AF","B","jgoldman",15/07/2022 07:19:44
247872,10372276,"9287577879","7563","Normalizado","",407226,407733,14/07/2022 00:08:34,14/07/2022 00:02:00,,"AF","B","jgoldman",15/07/2022 07:19:44
247873,10372276,"9683578063","8562","Normalizado","",407226,407733,14/07/2022 00:08:34,14/07/2022 00:02:00,,"AF","B","jgoldman",15/07/2022 07:19:44
247874,10372276,"9745932482","8333","Normalizado","",407226,407733,14/07/2022 00:08:34,14/07/2022 00:02:00,,"AF","B","jgoldman",15/07/2022 07:19:44
247875,10372276,"9800571635","8451","Normalizado","",407226,407733,14/07/2022 00:08:34,14/07/2022 00:02:00,,"AF","B","jgoldman",15/07/2022 07:19:44
247907,10372276,"6759919664","8382","Normalizado","",407350,407733,14/07/2022 00:08:34,14/07/2022 00:02:00,,"AF","B","jgoldman",15/07/2022 07:19:44
221744,10205636,"0087274289","17083","Normalizado","",382666,382952,25/05/2022 20:13:44,25/05/2022 19:44:59,,"AF","B","jgoldman",26/05/2022 11:32:33
221745,10205636,"1683594640","5215","Normalizado","",382666,382952,25/05/2022 20:13:44,25/05/2022 19:44:59,,"AF","B","jgoldman",26/05/2022 11:32:33
221746,10205636,"1851395922","5242","Normalizado","",382666,382952,25/05/2022 20:13:44,25/05/2022 19:44:59,,"AF","B","jgoldman",26/05/2022 11:32:33
221747,10205636,"1954915885","17323","Normalizado","",382666,382952,25/05/2022 20:13:44,25/05/2022 19:44:59,,"AF","B","jgoldman",26/05/2022 11:32:33
221748,10205636,"2105916077","18267","Normalizado","",382666,382952,25/05/2022 20:13:44,25/05/2022 19:44:59,,"AF","B","jgoldman",26/05/2022 11:32:33
221749,10205636,"2250577574","5174","Normalizado","",382666,382952,25/05/2022 20:13:44,25/05/2022 19:44:59,,"AF","B","jgoldman",26/05/2022 11:32:33
221750,10205636,"2471342651","5393","Normalizado","",382666,382952,25/05/2022 20:13:44,25/05/2022 19:44:59,,"AF","B","jgoldman",26/05/2022 11:32:33
221751,10205636,"2474895512","5903","Normalizado","",382666,382952,25/05/2022 20:13:44,25/05/2022 19:44:59,,"AF","B","jgoldman",26/05/2022 11:32:33
221752,10205636,"2651962054","5158","Normalizado","",382666,382952,25/05/2022 20:13:44,25/05/2022 19:44:59,,"AF","B","jgoldman",26/05/2022 11:32:33
221753,10205636,"3383938688","6475","Normalizado","",382666,382952,25/05/2022 20:13:44,25/05/2022 19:44:59,,"AF","B","jgoldman",26/05/2022 11:32:33
221754,10205636,"3548922415","18177","Normalizado","",382666,382952,25/05/2022 20:13:44,25/05/2022 19:44:59,,"AF","B","jgoldman",26/05/2022 11:32:33
221755,10205636,"3603458250","18030","Normalizado","",382666,382952,25/05/2022 20:13:44,25/05/2022 19:44:59,,"AF","B","jgoldman",26/05/2022 11:32:33
221756,10205636,"3969185144","5092","Normalizado","",382666,382952,25/05/2022 20:13:44,25/05/2022 19:44:59,,"AF","B","jgoldman",26/05/2022 11:32:33
221757,10205636,"4033826876","5915","Normalizado","",382666,382952,25/05/2022 20:13:44,25/05/2022 19:44:59,,"AF","B","jgoldman",26/05/2022 11:32:33
221758,10205636,"4470983870","18096","Normalizado","",382666,382952,25/05/2022 20:13:44,25/05/2022 19:44:59,,"AF","B","jgoldman",26/05/2022 11:32:33
221759,10205636,"4762113370","5631","Normalizado","",382666,382952,25/05/2022 20:13:44,25/05/2022 19:44:59,,"AF","B","jgoldman",26/05/2022 11:32:33
221760,10205636,"4875657383","5237","Normalizado","",382666,382952,25/05/2022 20:13:44,25/05/2022 19:44:59,,"AF","B","jgoldman",26/05/2022 11:32:33
221761,10205636,"4940932079","18177","Normalizado","",382666,382952,25/05/2022 20:13:44,25/05/2022 19:44:59,,"AF","B","jgoldman",26/05/2022 11:32:33
221762,10205636,"5018925581","18275","Normalizado","",382666,382952,25/05/2022 20:13:44,25/05/2022 19:44:59,,"AF","B","jgoldman",26/05/2022 11:32:33
221763,10205636,"5062218577","5224","Normalizado","",382666,382952,25/05/2022 20:13:44,25/05/2022 19:44:59,,"AF","B","jgoldman",26/05/2022 11:32:33
221764,10205636,"5221431102","5310","Normalizado","",382666,382952,25/05/2022 20:13:44,25/05/2022 19:44:59,,"AF","B","jgoldman",26/05/2022 11:32:33
221765,10205636,"5477769852","6131","Normalizado","",382666,382952,25/05/2022 20:13:44,25/05/2022 19:44:59,,"AF","B","jgoldman",26/05/2022 11:32:33
221766,10205636,"5684841735","18006","Normalizado","",382666,382952,25/05/2022 20:13:44,25/05/2022 19:44:59,,"AF","B","jgoldman",26/05/2022 11:32:33
221767,10205636,"5695558491","18288","Normalizado","",382666,382952,25/05/2022 20:13:44,25/05/2022 19:44:59,,"AF","B","jgoldman",26/05/2022 11:32:33
221768,10205636,"5815418297","18275","Normalizado","",382666,382952,25/05/2022 20:13:44,25/05/2022 19:44:59,,"AF","B","jgoldman",26/05/2022 11:32:33
221769,10205636,"5899658974","6131","Normalizado","",382666,382952,25/05/2022 20:13:44,25/05/2022 19:44:59,,"AF","B","jgoldman",26/05/2022 11:32:33
221770,10205636,"6179056796","5715","Normalizado","",382666,382952,25/05/2022 20:13:44,25/05/2022 19:44:59,,"AF","B","jgoldman",26/05/2022 11:32:33
221771,10205636,"6874164272","18185","Normalizado","",382666,382952,25/05/2022 20:13:44,25/05/2022 19:44:59,,"AF","B","jgoldman",26/05/2022 11:32:33
221772,10205636,"6981432150","5215","Normalizado","",382666,382952,25/05/2022 20:13:44,25/05/2022 19:44:59,,"AF","B","jgoldman",26/05/2022 11:32:33
221773,10205636,"7069071758","18034","Normalizado","",382666,382952,25/05/2022 20:13:44,25/05/2022 19:44:59,,"AF","B","jgoldman",26/05/2022 11:32:33
221774,10205636,"7124151136","5093","Normalizado","",382666,382952,25/05/2022 20:13:44,25/05/2022 19:44:59,,"AF","B","jgoldman",26/05/2022 11:32:33
221775,10205636,"7131110564","18041","Normalizado","",382666,382952,25/05/2022 20:13:44,25/05/2022 19:44:59,,"AF","B","jgoldman",26/05/2022 11:32:33
221776,10205636,"7880290325","5158","Normalizado","",382666,382952,25/05/2022 20:13:44,25/05/2022 19:44:59,,"AF","B","jgoldman",26/05/2022 11:32:33
221777,10205636,"7895654897","5563","Normalizado","",382666,382952,25/05/2022 20:13:44,25/05/2022 19:44:59,,"AF","B","jgoldman",26/05/2022 11:32:33
221778,10205636,"8087073291","5230","Normalizado","",382666,382952,25/05/2022 20:13:44,25/05/2022 19:44:59,,"AF","B","jgoldman",26/05/2022 11:32:33
221779,10205636,"8124968761","5178","Normalizado","",382666,382952,25/05/2022 20:13:44,25/05/2022 19:44:59,,"AF","B","jgoldman",26/05/2022 11:32:33
221780,10205636,"8202815402","5474","Normalizado","",382666,382952,25/05/2022 20:13:44,25/05/2022 19:44:59,,"AF","B","jgoldman",26/05/2022 11:32:33
221781,10205636,"8683165974","5210","Normalizado","",382666,382952,25/05/2022 20:13:44,25/05/2022 19:44:59,,"AF","B","jgoldman",26/05/2022 11:32:33
221782,10205636,"8876953564","17212","Normalizado","",382666,382952,25/05/2022 20:13:44,25/05/2022 19:44:59,,"AF","B","jgoldman",26/05/2022 11:32:33
221783,10205636,"8909371221","5903","Normalizado","",382666,382952,25/05/2022 20:13:44,25/05/2022 19:44:59,,"AF","B","jgoldman",26/05/2022 11:32:33
221785,10205636,"9041238502","5358","Normalizado","",382666,382952,25/05/2022 20:13:44,25/05/2022 19:44:59,,"AF","B","jgoldman",26/05/2022 11:32:33
221786,10205636,"9901214305","5516","Normalizado","",382666,382952,25/05/2022 20:13:44,25/05/2022 19:44:59,,"AF","B","jgoldman",26/05/2022 11:32:33
221787,10205636,"9948947751","6091","Normalizado","",382666,382952,25/05/2022 20:13:44,25/05/2022 19:44:59,,"AF","B","jgoldman",26/05/2022 11:32:33
250827,10420973,"0521400227","77497","Normalizado","",415751,415914,03/08/2022 07:21:00,03/08/2022 07:16:16,03/08/2022 07:23:56,"AF","B","yserrano",03/08/2022 14:12:44
250829,10420973,"1499178390","79162","Normalizado","",415751,415914,03/08/2022 07:21:00,03/08/2022 07:16:16,03/08/2022 07:23:56,"AF","B","yserrano",03/08/2022 14:12:44
250831,10420973,"3542813281","77937","Normalizado","",415751,415914,03/08/2022 07:21:00,03/08/2022 07:16:16,03/08/2022 07:23:56,"AF","B","yserrano",03/08/2022 14:12:44
250832,10420973,"3593585574","79005","Normalizado","",415751,415914,03/08/2022 07:21:00,03/08/2022 07:16:16,03/08/2022 07:23:56,"AF","B","yserrano",03/08/2022 14:12:44
250833,10420973,"3887603256","76338","Normalizado","",415751,415914,03/08/2022 07:21:00,03/08/2022 07:16:16,03/08/2022 07:23:56,"AF","B","yserrano",03/08/2022 14:12:44
250834,10420973,"4948287785","77814","Normalizado","",415751,415914,03/08/2022 07:21:00,03/08/2022 07:16:16,03/08/2022 07:23:56,"AF","B","yserrano",03/08/2022 14:12:44
250835,10420973,"6050351086","79162","Normalizado","",415751,415914,03/08/2022 07:21:00,03/08/2022 07:16:16,03/08/2022 07:23:56,"AF","B","yserrano",03/08/2022 14:12:44
250836,10420973,"6641627926","77282","Normalizado","",415751,415914,03/08/2022 07:21:00,03/08/2022 07:16:16,03/08/2022 07:23:56,"AF","B","yserrano",03/08/2022 14:12:44
250837,10420973,"7028859218","77161","Normalizado","",415751,415914,03/08/2022 07:21:00,03/08/2022 07:16:16,03/08/2022 07:23:56,"AF","B","yserrano",03/08/2022 14:12:44
250838,10420973,"8334080468","79023","Normalizado","",415751,415914,03/08/2022 07:21:00,03/08/2022 07:16:16,03/08/2022 07:23:56,"AF","B","yserrano",03/08/2022 14:12:44
250839,10420973,"8708433199","77726","Normalizado","",415751,415914,03/08/2022 07:21:00,03/08/2022 07:16:16,03/08/2022 07:23:56,"AF","B","yserrano",03/08/2022 14:12:44
250840,10420973,"8797545231","79023","Normalizado","",415751,415914,03/08/2022 07:21:00,03/08/2022 07:16:16,03/08/2022 07:23:56,"AF","B","yserrano",03/08/2022 14:12:44
250841,10420973,"9161467630","79144","Normalizado","",415751,415914,03/08/2022 07:21:00,03/08/2022 07:16:16,03/08/2022 07:23:56,"AF","B","yserrano",03/08/2022 14:12:44
250842,10420973,"9266252248","77251","Normalizado","",415751,415914,03/08/2022 07:21:00,03/08/2022 07:16:16,03/08/2022 07:23:56,"AF","B","yserrano",03/08/2022 14:12:44
250953,10420973,"1676577565","77509","Pendiente","",416242,,03/08/2022 07:21:00,03/08/2022 07:16:16,,"AF","A","Aplicacion",04/08/2022 11:40:05
266072,10627778,"8042339859","16371","Normalizado","",467365,467444,29/11/2022 00:36:31,29/11/2022 00:16:51,,"AF","B","yserrano",29/11/2022 06:41:48
266073,10627778,"8685396162","16683","Normalizado","",467365,467444,29/11/2022 00:36:31,29/11/2022 00:16:51,,"AF","B","yserrano",29/11/2022 06:41:48
266074,10627778,"8905827525","11914","Normalizado","",467365,467444,29/11/2022 00:36:31,29/11/2022 00:16:51,,"AF","B","yserrano",29/11/2022 06:41:48
266075,10627778,"9541888423","16037","Normalizado","",467365,467444,29/11/2022 00:36:31,29/11/2022 00:16:51,,"AF","B","yserrano",29/11/2022 06:41:48
266063,10627778,"2459464701","16272","Normalizado","",467365,467444,29/11/2022 00:36:31,29/11/2022 00:16:51,,"AF","B","yserrano",29/11/2022 06:41:48
266064,10627778,"2860491600","11846","Normalizado","",467365,467444,29/11/2022 00:36:31,29/11/2022 00:16:51,,"AF","B","yserrano",29/11/2022 06:41:48
266065,10627778,"3017522875","16272","Normalizado","",467365,467444,29/11/2022 00:36:31,29/11/2022 00:16:51,,"AF","B","yserrano",29/11/2022 06:41:48
266066,10627778,"3472619919","11845","Normalizado","",467365,467444,29/11/2022 00:36:31,29/11/2022 00:16:51,,"AF","B","yserrano",29/11/2022 06:41:48
266067,10627778,"4671673729","16683","Normalizado","",467365,467444,29/11/2022 00:36:31,29/11/2022 00:16:51,,"AF","B","yserrano",29/11/2022 06:41:48
266068,10627778,"5480072602","11915","Normalizado","",467365,467444,29/11/2022 00:36:31,29/11/2022 00:16:51,,"AF","B","yserrano",29/11/2022 06:41:48
266069,10627778,"6934755960","16006","Normalizado","",467365,467444,29/11/2022 00:36:31,29/11/2022 00:16:51,,"AF","B","yserrano",29/11/2022 06:41:48
266070,10627778,"7607089080","16674","Normalizado","",467365,467444,29/11/2022 00:36:31,29/11/2022 00:16:51,,"AF","B","yserrano",29/11/2022 06:41:48
266071,10627778,"7946401686","16064","Normalizado","",467365,467444,29/11/2022 00:36:31,29/11/2022 00:16:51,,"AF","B","yserrano",29/11/2022 06:41:48
